{"exact": 54.45103857566765, "f1": 68.03750670072529, "total": 674, "HasAns_exact": 54.45103857566765, "HasAns_f1": 68.03750670072529, "HasAns_total": 674, "best_exact": 54.45103857566765, "best_exact_thresh": 0.0, "best_f1": 68.03750670072529, "best_f1_thresh": 0.0}